<?xml version="1.0" encoding="UTF-8"?>
<urn:AdapterConfiguration isInheritExtendedContractAttributes="false" name="com.pingidentity.plugins.datastore.p14c.PingOneForCustomersDataStore" xmlns:urn="urn:sourceid.org:saml2:adapter:conf">
    <urn:Fields>
        <urn:Field name="Environment ID">0ff92dd4-be6c-4390-8cd1-4f01ceb09fc4</urn:Field>
        <urn:Field name="Client ID">836a8d16-1d10-463b-b962-1f469e4ef8b6</urn:Field>
        <urn:Field name="Client Secret">eyJhbGciOiJkaXIiLCJlbmMiOiJBMTI4Q0JDLUhTMjU2Iiwia2lkIjoiVE9hWkkxZGNJbiIsInZlcnNpb24iOiIxMC4yLjEuMSJ9..U0MNVz0o9Yir3ctsPbXomA.6EYddIA06vwKxzes395Tm3SxFORPKinS9UeuqXAEWSljZRVsXwxuUuVddxLW5uC2on6BHvaIjwxu5fG3o8uqAb1tyWlG3o3nA9xlVDi2zx0.DaIl43Qf4zqikpu2WMQAWQ</urn:Field>
        <urn:Field name="PingOne API Service">https://api.pingone.com/v1</urn:Field>
        <urn:Field name="PingOne Authorization Service">https://auth.pingone.com</urn:Field>
        <urn:Field name="Read Timeout">10000</urn:Field>
        <urn:Field name="Connection Timeout">10000</urn:Field>
        <urn:Field name="Retry Request">true</urn:Field>
        <urn:Field name="Maximum Retries Limit">5</urn:Field>
        <urn:Field name="Retry Error Codes">429</urn:Field>
        <urn:Field name="Proxy Settings">System Defaults</urn:Field>
        <urn:Field name="Custom Proxy Host"/>
        <urn:Field name="Custom Proxy Port"/>
    </urn:Fields>
    <urn:AdvancedFields>
        <urn:Field name="PingOne API Service">https://api.pingone.com/v1</urn:Field>
        <urn:Field name="PingOne Authorization Service">https://auth.pingone.com</urn:Field>
        <urn:Field name="Read Timeout">10000</urn:Field>
        <urn:Field name="Connection Timeout">10000</urn:Field>
        <urn:Field name="Retry Request">true</urn:Field>
        <urn:Field name="Maximum Retries Limit">5</urn:Field>
        <urn:Field name="Retry Error Codes">429</urn:Field>
        <urn:Field name="Proxy Settings">System Defaults</urn:Field>
        <urn:Field name="Custom Proxy Host"/>
        <urn:Field name="Custom Proxy Port"/>
    </urn:AdvancedFields>
    <urn:Tables>
        <urn:Table name="Custom Attributes Details"/>
    </urn:Tables>
</urn:AdapterConfiguration>