<?xml version="1.0" encoding="UTF-8"?>
<urn:PolicyFragment id="DHl7FRy4N6Js5iKp" name="salesforce" inputContractId="EuSNSHFbbQpVeh1h" outputContractId="EuSNSHFbbQpVeh1h" lastModifiedMillis="1612976325106" xmlns:urn="urn:pingidentity.com:pf:policy:fragment">
    <urn:policy context="">
        <urn:AstAction xsi:type="urn:AuthnSourceActionType" xmlns:urn="urn:pingidentity.com:pf:authn-selection" xmlns:xsi="http://www.w3.org/2001/XMLSchema-instance">
            <urn:AuthnSourceKey type="IDP_CONN">h-x48v7kUBQGXm5.n4dfqoa8Zla</urn:AuthnSourceKey>
            <urn:fallbackToSuccess>true</urn:fallbackToSuccess>
            <urn:InputIdMapping Type="Inputs" AttributeSourceId="Inputs" Value="subject"/>
            <urn:userIdAuthenticated>false</urn:userIdAuthenticated>
        </urn:AstAction>
        <urn1:AstChild context="Fail" xmlns:urn1="urn:pingidentity.com:pf:authn-selection">
            <urn:AstAction noOpType="DONE" xsi:type="urn:NoOpActionType" xmlns:urn="urn:pingidentity.com:pf:authn-selection" xmlns:xsi="http://www.w3.org/2001/XMLSchema-instance"/>
        </urn1:AstChild>
        <urn1:AstChild context="Success" xmlns:urn1="urn:pingidentity.com:pf:authn-selection">
            <urn:AstAction noOpType="DONE" xsi:type="urn:NoOpActionType" xmlns:urn="urn:pingidentity.com:pf:authn-selection" xmlns:xsi="http://www.w3.org/2001/XMLSchema-instance"/>
        </urn1:AstChild>
    </urn:policy>
</urn:PolicyFragment>