<?xml version="1.0" encoding="UTF-8"?>
<con:config xmlns:con="http://www.sourceid.org/2004/05/config">
    <con:item name="lastUpdated">1612143218522</con:item>
    <con:map name="scope-descriptions">
        <con:item name="address">Address access</con:item>
        <con:item name="phone">Phone Number access</con:item>
        <con:item name="openid">OpenID Connect login</con:item>
        <con:item name="profile">Profile access</con:item>
        <con:item name="admin">admin access</con:item>
        <con:item name="env_*">Dynamic scope value</con:item>
        <con:item name="power_user">power_user access</con:item>
        <con:item name="email">Email Address access</con:item>
    </con:map>
    <con:list name="dynamic-common-scopes">
        <con:ListItem>env_*</con:ListItem>
    </con:list>
    <con:map name="scope-group-descriptions"/>
    <con:map name="scope-group-mappings"/>
    <con:map name="exclusive-scope-descriptions"/>
    <con:list name="dynamic-exclusive-scopes"/>
    <con:map name="exclusive-scope-group-descriptions"/>
    <con:map name="exclusive-scope-group-mappings"/>
    <con:item name="default-scope-description">default</con:item>
</con:config>