<?xml version="1.0" encoding="UTF-8"?>
<met:metadataNotificationSettings xmlns:met="http://pingidentity.com/2015/01/metadata-notification">
    <met:metadataNotificationType>
        <met:urlId>wQTKZYUxzBQe2y2o0F0KAtLgW</met:urlId>
        <met:notificationSent>false</met:notificationSent>
    </met:metadataNotificationType>
    <met:metadataNotificationType>
        <met:urlId>nVD9LzCq8RQuHfNcNJtcH9YQG</met:urlId>
        <met:notificationSent>false</met:notificationSent>
    </met:metadataNotificationType>
</met:metadataNotificationSettings>